Activity Type,Date,Favorite,Title,Distance,Calories,Time,Avg HR,Max HR,Aerobic TE,Avg Run Cadence,Max Run Cadence,Avg Pace,Best Pace,Total Ascent,Total Descent,Avg Stride Length,Avg Vertical Ratio,Avg Vertical Oscillation,Avg Ground Contact Time,Training Stress ScoreÂ®,Avg Power,Max Power,Grit,Flow,Total Strokes,Avg. Swolf,Avg Stroke Rate,Total Reps,Dive Time,Min Temp,Surface Interval,Decompression,Best Lap Time,Number of Laps,Max Temp,Moving Time,Elapsed Time,Min Elevation,Max Elevation
Long Run,11/5/23 9:31,FALSE,Davis Running,8.06,594,1:03:56,147,161,3.4,176,187,7:56,7:05,25,26,1.15,0,0,0,0,0,0,0,0,--,0,0,0,0:00,0,0:00,No,00:32.9,9,0,1:03:47,1:06:32,33,52
Running,11/4/23 8:28,FALSE,Yolo County Running,5.19,373,0:41:49,136,155,2.9,174,184,8:03,7:17,10,10,1.15,0,0,0,0,0,0,0,0,--,0,0,0,0:00,0,0:00,No,01:28.8,6,0,0:41:44,0:44:50,52,62
Running,11/3/23 10:20,FALSE,Davis Running,1.81,135,0:15:40,140,155,2.1,176,187,8:39,7:39,--,--,1.06,0,0,0,0,0,0,0,0,--,0,0,0,0:00,0,0:00,No,06:36.8,2,0,0:15:25,0:16:37,38,46
Workout,11/3/23 9:47,FALSE,Davis Running,3.76,274,0:25:07,169,185,3.5,178,200,6:40,4:40,3,3,1.35,0,0,0,0,0,0,0,0,--,0,0,0,0:00,0,0:00,No,00:58.8,13,0,0:25:00,0:25:07,39,46
Running,11/3/23 9:16,FALSE,Davis Running,2.01,150,0:16:12,142,155,2.3,176,186,8:03,7:22,7,3,1.14,0,0,0,0,0,0,0,0,--,0,0,0,0:00,0,0:00,No,00:06.4,3,0,0:16:10,0:16:34,39,46
Running,11/2/23 9:25,FALSE,Davis Running,6.16,438,0:50:49,136,149,2.9,174,201,8:15,4:35,13,13,1.12,0,0,0,0,0,0,0,0,--,0,0,0,0:00,0,0:00,No,01:30.4,7,0,0:50:26,0:54:45,43,52
Indoor Cycling,11/1/23 10:24,FALSE,Indoor Cycling,0,308,1:05:16,113,140,1.1,--,--,--,--,--,--,0,0,0,0,0,0,0,0,0,--,0,0,0,0:00,0,0:00,No,05:15.9,1,0,0:00:00,1:06:39,--,--
Running,10/31/23 10:21,FALSE,Yolo County Running,2.05,159,0:18:51,139,147,2.1,179,188,9:12,7:05,33,35,0.98,0,0,0,0,0,0,0,0,--,0,0,0,0:00,0,0:00,No,00:25.8,3,0,0:18:44,0:22:02,43,72
Workout,10/31/23 9:42,FALSE,Yolo County Running,4.94,360,0:32:43,165,188,3.9,174,202,6:38,5:02,46,52,1.39,0,0,0,0,0,0,0,0,--,0,0,0,0:00,0,0:00,No,00:00.6,9,0,0:32:25,0:34:21,41,69
Running,10/31/23 9:08,FALSE,Yolo County Running,2.02,157,0:16:03,144,159,2.6,179,188,7:58,7:20,21,18,1.13,0,0,0,0,0,0,0,0,--,0,0,0,0:00,0,0:00,No,00:07.8,3,0,0:15:42,0:16:03,43,72
Long Run,10/29/23 9:39,FALSE,Davis Running,10,751,1:11:55,164,197,4.6,179,188,7:11,6:17,45,48,1.25,0,0,0,0,0,0,0,0,--,0,0,0,0:00,0,0:00,No,00:01.4,11,0,1:11:44,1:20:26,27,59
Running,10/28/23 8:40,FALSE,Davis Running,5.02,344,0:40:32,133,147,2.6,178,190,8:05,7:18,16,16,1.12,0,0,0,0,0,0,0,0,--,0,0,0,0:00,0,0:00,No,00:07.0,6,0,0:40:17,0:43:06,43,52
Running,10/27/23 10:09,FALSE,Yolo County Running,3.03,237,0:35:12,153,179,2.9,126,190,11:36,7:06,--,13,1.7,0,0,0,0,0,0,0,0,--,0,0,0,0:00,0,0:00,No,07:22.9,4,0,0:24:51,0:36:24,46,59
Workout,10/27/23 9:31,FALSE,Yolo County Running,5.1,374,0:37:02,157,176,3.4,180,198,7:15,4:57,36,36,1.22,0,0,0,0,0,0,0,0,--,0,0,0,0:00,0,0:00,No,00:01.2,18,0,0:36:58,0:37:02,41,72
Running,10/27/23 9:10,FALSE,Davis Running,2.01,150,0:16:17,143,163,2.3,175,182,8:07,7:19,13,--,1.13,0,0,0,0,0,0,0,0,--,0,0,0,0:00,0,0:00,No,00:02.3,3,0,0:16:10,0:17:15,46,59
Running,10/26/23 8:42,FALSE,Davis Running,7.13,499,0:59:07,138,155,3.1,170,201,8:18,4:21,13,13,1.14,0,0,0,0,0,0,0,0,--,0,0,0,0:00,0,0:00,No,01:24.3,8,0,0:57:04,1:07:20,43,52
Indoor Cycling,10/25/23 10:36,FALSE,Indoor Cycling,0,366,1:00:04,127,156,2.1,--,--,--,--,--,--,0,0,0,0,0,0,0,0,0,--,0,0,0,0:00,0,0:00,No,00:03.5,1,0,0:00:00,1:03:08,--,--
Running,10/24/23 10:04,FALSE,Davis Running,2.01,162,0:17:53,150,163,2.3,176,188,8:55,7:50,3,3,1.02,0,0,0,0,0,0,0,0,--,0,0,0,0:00,0,0:00,No,00:03.0,3,0,0:17:44,0:18:26,38,46
Workout,10/24/23 9:38,FALSE,Davis Running,2.03,147,0:16:31,145,177,2.5,136,196,8:08,4:53,--,--,1.31,0,0,0,0,0,0,0,0,--,0,0,0,0:00,0,0:00,No,01:20.1,7,0,0:12:25,0:16:31,39,46
Running,10/24/23 9:05,FALSE,Davis Running,2.03,156,0:16:29,144,173,2.5,174,184,8:08,7:32,7,3,1.14,0,0,0,0,0,0,0,0,--,0,0,0,0:00,0,0:00,No,00:14.0,3,0,0:16:24,0:17:13,37,46
Long Run,10/22/23 9:38,FALSE,Yolo County Running,7.05,509,0:57:15,143,157,3.1,178,188,8:07,7:39,26,13,1.12,0,0,0,0,0,0,0,0,--,0,0,0,0:00,0,0:00,No,00:23.4,8,0,0:56:58,0:58:27,43,72
Running,10/21/23 16:54,FALSE,Davis Running,4.98,345,0:42:30,129,147,2.5,177,188,8:32,6:57,10,10,1.07,0,0,0,0,0,0,0,0,--,0,0,0,0:00,0,0:00,No,08:18.8,5,0,0:42:21,0:46:33,49,59
Running,10/20/23 10:24,FALSE,Davis Running,2.01,159,0:20:15,134,143,2,174,187,10:03,9:02,7,7,0.92,0,0,0,0,0,0,0,0,--,0,0,0,0:00,0,0:00,No,00:09.1,3,0,0:20:14,0:20:31,36,43
Workout,10/20/23 9:48,FALSE,Davis Running,3.07,217,0:23:58,147,177,2.7,144,202,7:49,4:32,5,8,1.36,0,0,0,0,0,0,0,0,--,0,0,0,0:00,0,0:00,No,00:00.7,12,0,0:19:24,0:23:58,39,46
Running,10/20/23 9:17,FALSE,Davis Running,2.01,150,0:16:21,139,155,2.2,176,187,8:09,7:40,7,3,1.12,0,0,0,0,0,0,0,0,--,0,0,0,0:00,0,0:00,No,00:03.1,3,0,0:16:19,0:16:39,39,46
Running,10/19/23 9:15,FALSE,Davis Running,6.14,446,0:49:17,143,160,3.1,175,198,8:02,4:43,13,13,1.14,0,0,0,0,0,0,0,0,--,0,0,0,0:00,0,0:00,No,01:03.8,7,0,0:48:57,0:54:05,43,52
Indoor Cycling,10/18/23 11:18,FALSE,Indoor Cycling,0,57,0:15:44,97,115,0.2,--,--,--,--,--,--,0,0,0,0,0,0,0,0,0,--,0,0,0,0:00,0,0:00,No,15:44.1,1,0,0:00:00,0:15:44,--,--
Running,10/18/23 10:08,FALSE,Davis Running,5.01,364,0:41:00,142,153,2.9,175,186,8:11,7:03,10,10,1.13,0,0,0,0,0,0,0,0,--,0,0,0,0:00,0,0:00,No,00:05.0,6,0,0:40:46,0:44:20,49,62
Running,10/17/23 10:14,FALSE,Yolo County Running,2.01,163,0:19:41,141,152,2.1,172,182,9:48,8:19,3,--,0.95,0,0,0,0,0,0,0,0,--,0,0,0,0:00,0,0:00,No,00:05.1,3,0,0:19:40,0:21:09,39,46
Workout,10/17/23 9:36,FALSE,Yolo County Running,4.71,339,0:30:03,176,193,3.8,182,190,6:23,5:37,10,10,1.39,0,0,0,0,0,0,0,0,--,0,0,0,0:00,0,0:00,No,00:00.3,6,0,0:29:54,0:32:23,26,43
Running,10/17/23 9:06,FALSE,Davis Running,2.38,183,0:18:52,149,160,2.6,176,187,7:55,7:22,7,7,1.16,0,0,0,0,0,0,0,0,--,0,0,0,0:00,0,0:00,No,03:07.0,3,0,0:18:48,0:18:52,36,46
Long Run,10/15/23 9:17,FALSE,West Sacramento Running,10.01,737,1:18:11,150,166,3.8,176,186,7:49,6:37,61,65,1.17,0,0,0,0,0,0,0,0,--,0,0,0,0:00,0,0:00,No,00:02.9,11,0,1:17:45,1:32:14,7,33
Running,10/14/23 11:43,FALSE,Sunnyvale Running,3.08,244,0:30:54,136,150,2.2,164,224,10:03,7:50,5,5,0.98,0,0,0,0,0,0,0,0,--,0,0,0,0:00,0,0:00,No,00:43.8,4,0,0:29:46,0:34:19,--,7
Running,10/14/23 10:37,FALSE,Sunnyvale Running,0,--,00:00.8,84,84,0,--,--,--,--,--,--,0,0,0,0,0,0,0,0,0,--,0,0,0,0:00,0,0:00,No,00:00.8,1,0,0:00:00,00:00.8,-42,-42
Running,10/14/23 8:57,FALSE,Sunnyvale Running,2.01,154,0:16:45,142,156,2.3,171,179,8:20,7:30,--,--,1.13,0,0,0,0,0,0,0,0,--,0,0,0,0:00,0,0:00,No,00:04.3,3,0,0:16:37,0:17:31,3,7
Running,10/13/23 9:19,FALSE,Yolo County Running,4.25,297,0:32:35,143,163,3,171,198,7:40,4:32,8,8,1.24,0,0,0,0,0,0,0,0,--,0,0,0,0:00,0,0:00,No,01:34.4,5,0,0:31:47,0:43:05,46,61
Running,10/12/23 9:12,FALSE,Davis Running,6.01,449,0:47:58,147,160,3.2,175,184,7:59,6:40,13,10,1.15,0,0,0,0,0,0,0,0,--,0,0,0,0:00,0,0:00,No,00:02.8,7,0,0:47:42,0:49:18,43,52
Indoor Cycling,10/11/23 10:11,FALSE,Indoor Cycling,0,247,1:10:06,101,133,0.7,--,--,--,--,--,--,0,0,0,0,0,0,0,0,0,--,0,0,0,0:00,0,0:00,No,10:06.1,1,0,0:00:00,1:11:52,--,--
Running,10/10/23 9:57,FALSE,Davis Running,1.99,152,0:19:43,133,142,1.8,170,177,9:53,9:13,--,--,0.96,0,0,0,0,0,0,0,0,--,0,0,0,0:00,0,0:00,No,09:49.2,2,0,0:19:37,0:20:21,39,46
Workout,10/10/23 9:29,FALSE,Davis Running,3.02,226,0:21:33,161,179,3.2,175,188,7:08,5:24,--,--,1.28,0,0,0,0,0,0,0,0,--,0,0,0,0:00,0,0:00,No,00:01.1,12,0,0:21:26,0:21:33,39,46
Running,10/10/23 8:58,FALSE,Davis Running,2.01,151,0:16:04,144,160,2.4,175,186,8:00,7:30,7,3,1.15,0,0,0,0,0,0,0,0,--,0,0,0,0:00,0,0:00,No,00:03.6,3,0,0:16:00,0:16:10,39,46
Long Run,10/8/23 8:59,FALSE,Yolo County Running,9.01,661,1:11:14,150,165,3.6,175,205,7:54,6:41,16,13,1.16,0,0,0,0,0,0,0,0,--,0,0,0,0:00,0,0:00,No,00:05.5,10,0,1:10:58,1:22:18,13,26
Running,10/6/23 16:44,FALSE,San Francisco Running,1.83,142,0:18:01,133,157,2.1,167,177,9:50,8:00,129,112,0.98,0,0,0,0,0,0,0,0,--,0,0,0,0:00,0,0:00,No,07:30.5,2,0,0:17:55,0:46:28,139,236
Workout,10/6/23 15:30,FALSE,San Francisco Running,3.74,280,0:25:28,173,183,3.5,178,194,6:49,4:50,235,235,1.33,0,0,0,0,0,0,0,0,--,0,0,0,0:00,0,0:00,No,05:11.5,4,0,0:25:23,0:25:28,101,190
Running,10/6/23 14:48,FALSE,Running,1.45,114,0:12:00,152,166,2.2,169,179,8:17,6:11,--,--,1.15,0,0,0,0,0,0,0,0,--,0,0,0,0:00,0,0:00,No,03:43.7,2,0,0:12:00,0:12:21,--,--
Running,10/5/23 9:06,FALSE,Davis Running,3.07,224,0:24:43,141,154,2.6,173,181,8:03,7:17,10,7,1.15,0,0,0,0,0,0,0,0,--,0,0,0,0:00,0,0:00,No,00:33.4,4,0,0:24:43,0:28:48,43,52
Running,10/4/23 9:18,FALSE,Davis Running,4.02,286,0:35:14,134,148,2.4,171,184,8:46,7:32,12,12,1.07,0,0,0,0,0,0,0,0,--,0,0,0,0:00,0,0:00,No,00:09.5,5,0,0:34:32,0:37:53,28,55
Running,10/3/23 10:12,FALSE,Davis Running,2.01,150,0:20:14,128,142,1.8,171,181,10:05,9:01,--,--,0.93,0,0,0,0,0,0,0,0,--,0,0,0,0:00,0,0:00,No,00:03.0,3,0,0:20:13,0:22:29,39,46
Workout,10/3/23 9:31,FALSE,Davis Running,2.95,223,0:24:44,145,174,2.9,139,201,8:22,4:05,4,6,1.3,0,0,0,0,0,0,0,0,--,0,0,0,0:00,0,0:00,No,00:36.1,15,0,0:19:35,0:28:23,39,46
Running,10/3/23 9:05,FALSE,Davis Running,2.01,147,0:15:58,143,156,2.3,174,212,7:58,7:12,7,3,1.16,0,0,0,0,0,0,0,0,--,0,0,0,0:00,0,0:00,No,00:02.3,3,0,0:15:58,0:16:04,39,46
Long Run,10/1/23 9:37,FALSE,Solano County Running,9.01,678,1:07:32,158,184,4,176,189,7:30,6:55,58,55,1.22,0,0,0,0,0,0,0,0,--,0,0,0,0:00,0,0:00,No,00:02.5,10,0,1:07:13,1:12:36,34,72
Running,9/30/23 10:25,FALSE,Davis Running,7.03,515,0:55:28,149,164,3.3,175,182,7:54,7:20,8,8,1.17,0,0,0,0,0,0,0,0,--,0,0,0,0:00,0,0:00,No,00:13.2,8,0,0:55:13,1:01:41,49,69
Running,9/29/23 9:11,FALSE,Yolo County Running,2.01,154,0:17:52,142,154,2.2,173,184,8:54,7:50,7,10,1.04,0,0,0,0,0,0,0,0,--,0,0,0,0:00,0,0:00,No,00:02.9,3,0,0:17:30,0:20:50,49,56
Workout,9/29/23 8:34,FALSE,Yolo County Running,3.95,283,0:26:07,164,187,3.5,164,190,6:37,5:36,3,3,1.54,0,0,0,0,0,0,0,0,--,0,0,0,0:00,0,0:00,No,00:00.4,8,0,0:25:50,0:26:07,49,52
Running,9/29/23 8:03,FALSE,Yolo County Running,2.01,145,0:16:22,138,160,2.2,172,182,8:09,7:34,7,10,1.15,0,0,0,0,0,0,0,0,--,0,0,0,0:00,0,0:00,No,00:03.7,3,0,0:16:03,0:19:45,49,56
Running,9/28/23 8:37,FALSE,Davis Running,6.01,422,0:48:42,140,153,2.9,174,184,8:06,7:33,13,13,1.14,0,0,0,0,0,0,0,0,--,0,0,0,0:00,0,0:00,No,00:02.4,7,0,0:48:24,1:00:25,43,52
Running,9/27/23 7:26,FALSE,Davis Running,7.02,489,0:54:38,142,153,3.1,175,186,7:47,7:10,20,20,1.18,0,0,0,0,0,0,0,0,--,0,0,0,0:00,0,0:00,No,00:08.3,8,0,0:54:18,1:00:29,46,59
Running,9/26/23 9:51,FALSE,Davis Running,2.23,179,0:19:51,149,157,2.4,175,186,8:54,8:14,6,7,1.03,0,0,0,0,0,0,0,0,--,0,0,0,0:00,0,0:00,No,01:59.3,3,0,0:19:46,0:20:07,36,43
Workout,9/26/23 9:17,FALSE,Davis Running,3.79,270,0:28:15,159,185,3.1,152,202,7:28,4:35,--,--,1.38,0,0,0,0,0,0,0,0,--,0,0,0,0:00,0,0:00,No,00:00.4,12,0,0:24:40,0:28:15,39,46
Running,9/26/23 8:44,FALSE,Davis Running,2.01,152,0:15:50,148,160,2.4,178,187,7:53,7:28,7,3,1.14,0,0,0,0,0,0,0,0,--,0,0,0,0:00,0,0:00,No,00:02.3,3,0,0:15:48,0:16:02,38,46
Long Run,9/24/23 9:02,FALSE,Davis Running,12.01,924,1:29:32,168,193,4.7,177,188,7:27,6:19,21,23,1.22,0,0,0,0,0,0,0,0,--,0,0,0,0:00,0,0:00,No,00:03.0,13,0,1:29:19,1:37:24,43,52
Running,9/23/23 10:11,FALSE,Davis Running,7.01,520,0:56:06,149,163,3.3,175,184,8:00,7:22,16,16,1.15,0,0,0,0,0,0,0,0,--,0,0,0,0:00,0,0:00,No,00:04.0,8,0,0:55:52,1:04:07,46,59
Running,9/22/23 8:58,FALSE,Lane County Running,6.12,433,0:48:10,142,162,3.2,174,184,7:52,6:55,230,230,1.18,0,0,0,0,0,0,0,0,--,0,0,0,0:00,0,0:00,No,00:54.4,7,0,0:47:58,0:50:23,839,923
Workout,9/21/23 10:41,FALSE,Eugene Running,7.51,577,0:57:19,161,186,4,175,188,7:38,5:18,113,113,1.2,0,0,0,0,0,0,0,0,--,0,0,0,0:00,0,0:00,No,00:02.6,16,0,0:57:09,1:02:03,396,445
Running,9/19/23 9:30,FALSE,Davis Running,2.52,202,0:23:13,145,156,2.3,176,185,9:13,7:58,22,3,0.99,0,0,0,0,0,0,0,0,--,0,0,0,0:00,0,0:00,No,04:26.7,3,0,0:20:35,0:23:19,24,46
Workout,9/19/23 8:56,FALSE,Davis Running,3.52,244,0:23:05,166,183,3.3,181,198,6:33,4:38,--,--,1.35,0,0,0,0,0,0,0,0,--,0,0,0,0:00,0,0:00,No,00:00.9,12,0,0:22:54,0:24:19,39,46
Running,9/19/23 8:24,FALSE,Davis Running,2.01,151,0:16:10,140,157,2.3,176,187,8:03,7:29,7,3,1.13,0,0,0,0,0,0,0,0,--,0,0,0,0:00,0,0:00,No,00:04.8,3,0,0:16:05,0:16:16,38,46
Running,9/18/23 8:27,FALSE,Solano County Running,5.02,355,0:40:32,140,154,2.8,178,187,8:05,7:28,83,80,1.12,0,0,0,0,0,0,0,0,--,0,0,0,0:00,0,0:00,No,00:07.1,6,0,0:40:17,0:42:08,38,62
Long Run,9/17/23 8:25,FALSE,Davis Running,9.01,658,1:15:20,143,158,3.2,177,187,8:22,7:09,18,20,1.09,0,0,0,0,0,0,0,0,--,0,0,0,0:00,0,0:00,No,00:04.5,10,0,1:14:54,1:20:27,39,52
Running,9/16/23 9:08,FALSE,Yolo County Running,6.02,427,0:48:26,142,158,3,174,187,8:02,7:37,7,7,1.15,0,0,0,0,0,0,0,0,--,0,0,0,0:00,0,0:00,No,00:09.8,7,0,0:47:42,0:59:51,49,59
Running,9/15/23 19:03,FALSE,Davis Running,1.45,110,0:16:32,122,143,1.1,155,199,11:25,6:51,--,--,0.91,0,0,0,0,0,0,0,0,--,0,0,0,0:00,0,0:00,No,05:02.1,2,0,0:15:57,0:35:41,39,43
Running,9/15/23 17:30,FALSE,Davis Running,1.64,129,0:13:02,159,174,2.4,172,179,7:58,7:18,--,--,1.18,0,0,0,0,0,0,0,0,--,0,0,0,0:00,0,0:00,No,05:07.1,2,0,0:13:02,0:13:33,39,43
Running,9/14/23 8:27,FALSE,Davis Running,4.01,293,0:32:23,143,156,2.8,176,186,8:05,7:25,10,7,1.13,0,0,0,0,0,0,0,0,--,0,0,0,0:00,0,0:00,No,00:03.0,5,0,0:32:16,0:33:24,33,46
Running,9/13/23 8:31,FALSE,Solano County Running,5.01,364,0:40:51,143,158,2.9,176,184,8:09,7:29,46,44,1.12,0,0,0,0,0,0,0,0,--,0,0,0,0:00,0,0:00,No,00:05.9,6,0,0:40:44,0:43:10,38,69
Running,9/12/23 9:25,FALSE,Yolo County Running,2.5,189,0:28:23,126,146,1.5,170,186,11:20,9:57,26,22,0.84,0,0,0,0,0,0,0,0,--,0,0,0,0:00,0,0:00,No,05:26.2,3,0,0:28:17,0:32:42,42,56
Workout,9/12/23 9:06,FALSE,Yolo County Running,2.31,163,0:16:03,157,175,2.9,179,198,6:56,4:34,29,35,1.28,0,0,0,0,0,0,0,0,--,0,0,0,0:00,0,0:00,No,01:27.8,9,0,0:16:01,0:16:03,41,62
Running,9/12/23 8:30,FALSE,Yolo County Running,2.02,148,0:16:10,144,162,2.3,174,186,7:59,7:22,21,3,1.16,0,0,0,0,0,0,0,0,--,0,0,0,0:00,0,0:00,No,00:10.4,3,0,0:16:01,0:16:36,43,72
Long Run,9/10/23 8:34,FALSE,Sacramento County Running,10.01,735,1:13:35,161,186,4.4,179,190,7:21,5:51,145,145,1.22,0,0,0,0,0,0,0,0,--,0,0,0,0:00,0,0:00,No,00:10.0,11,0,1:13:18,1:18:20,34,71
Running,9/9/23 8:50,FALSE,Yolo County Running,6.04,451,0:49:10,148,166,3.1,174,184,8:08,7:26,16,16,1.14,0,0,0,0,0,0,0,0,--,0,0,0,0:00,0,0:00,No,00:19.1,7,0,0:48:37,0:56:38,49,59
Running,9/8/23 9:45,FALSE,Davis Running,1.5,117,0:17:14,125,138,1.1,172,185,11:28,10:27,--,--,0.82,0,0,0,0,0,0,0,0,--,0,0,0,0:00,0,0:00,No,05:52.6,2,0,0:17:11,0:18:08,39,46
Workout,9/8/23 8:45,FALSE,Davis Running,5.48,413,0:40:35,158,184,3.7,158,193,7:25,5:14,5,4,1.33,0,0,0,0,0,0,0,0,--,0,0,0,0:00,0,0:00,No,01:22.4,13,0,0:36:10,0:40:35,39,46
Running,9/8/23 8:10,FALSE,Davis Running,2.01,154,0:16:05,150,169,2.5,175,186,8:01,7:26,7,3,1.15,0,0,0,0,0,0,0,0,--,0,0,0,0:00,0,0:00,No,00:02.9,3,0,0:15:54,0:16:30,38,46
Running,9/7/23 8:43,FALSE,Davis Running,5.02,367,0:41:32,141,151,2.9,176,186,8:16,7:33,15,15,1.1,0,0,0,0,0,0,0,0,--,0,0,0,0:00,0,0:00,No,00:11.3,6,0,0:41:22,0:47:47,26,46
Running,9/6/23 8:23,FALSE,Solano County Running,7.01,512,0:56:11,145,161,3.3,175,185,8:01,7:20,45,45,1.15,0,0,0,0,0,0,0,0,--,0,0,0,0:00,0,0:00,No,00:03.6,8,0,0:55:57,1:03:39,30,62
Running,9/5/23 9:31,FALSE,Yolo County Running,3.01,239,0:26:11,149,176,2.8,174,189,8:42,7:49,11,5,1.06,0,0,0,0,0,0,0,0,--,0,0,0,0:00,0,0:00,No,00:04.2,4,0,0:26:03,0:39:56,16,23
Workout,9/5/23 9:03,FALSE,Yolo County Running,3,217,0:18:50,178,190,3.5,181,190,6:16,5:24,--,6,1.42,0,0,0,0,0,0,0,0,--,0,0,0,0:00,0,0:00,No,00:01.1,4,0,0:18:45,0:18:50,16,26
Running,9/5/23 8:33,FALSE,Yolo County Running,2,153,0:15:30,151,164,2.6,174,184,7:46,7:26,21,14,1.19,0,0,0,0,0,0,0,0,--,0,0,0,0:00,0,0:00,No,07:42.4,2,0,0:15:26,0:15:39,8,27
Running,9/3/23 6:58,FALSE,San Luis Obispo County Running,6.07,498,0:53:24,152,179,3.5,174,190,8:47,6:12,444,426,1.05,0,0,0,0,0,0,0,0,--,0,0,0,0:00,0,0:00,No,00:40.2,7,0,0:52:49,0:57:13,"1,305","1,526"
Long Run,9/2/23 8:47,FALSE,San Luis Obispo County Running,11.09,823,1:27:28,150,182,4.1,175,186,7:53,6:42,308,449,1.16,0,0,0,0,0,0,0,0,--,0,0,0,0:00,0,0:00,No,00:38.7,12,0,1:27:15,1:36:19,"1,152","1,524"
Workout,9/1/23 9:11,FALSE,San Luis Obispo County Running,6.26,484,0:47:01,163,185,4,173,202,7:30,5:29,250,280,1.23,0,0,0,0,0,0,0,0,--,0,0,0,0:00,0,0:00,No,00:57.5,14,0,0:46:49,0:53:00,303,385
Running,9/1/23 8:27,FALSE,San Luis Obispo County Running,1.87,149,0:15:52,138,168,2.3,169,182,8:30,7:05,54,55,1.12,0,0,0,0,0,0,0,0,--,0,0,0,0:00,0,0:00,No,07:16.8,2,0,0:15:44,0:39:03,310,351
Running,8/31/23 15:31,FALSE,San Luis Obispo County Running,5.41,403,0:41:35,154,168,3.4,172,186,7:41,6:13,88,85,1.22,0,0,0,0,0,0,0,0,--,0,0,0,0:00,0,0:00,No,03:21.5,6,0,0:41:31,0:45:04,310,347
Cycling,8/30/23 8:40,FALSE,Yolo County Cycling,1.22,310,1:10:18,111,139,1.2,--,--,1,12.8,--,0,0,0,0,0,0,0,0,0,0,--,0,0,0,0:00,0,0:00,No,10:17.6,1,0,0:36:18,1:12:34,52,75
Running,8/29/23 9:20,FALSE,Davis Running,1.12,89,0:13:18,133,149,0.9,168,179,11:53,7:17,--,--,0.81,0,0,0,0,0,0,0,0,--,0,0,0,0:00,0,0:00,No,01:24.8,2,0,0:13:06,0:13:18,39,46
Workout,8/29/23 8:28,FALSE,Davis Running,5.1,389,0:38:26,166,189,3.7,156,239,7:32,5:08,3,3,1.33,0,0,0,0,0,0,0,0,--,0,0,0,0:00,0,0:00,No,00:00.7,14,0,0:35:09,0:38:27,39,46
Running,8/29/23 7:54,FALSE,Davis Running,2,156,0:16:35,146,160,2.5,174,186,8:17,7:21,--,1,1.11,0,0,0,0,0,0,0,0,--,0,0,0,0:00,0,0:00,No,00:02.2,3,0,0:16:26,0:16:47,39,46
Long Run,8/27/23 8:04,FALSE,Yolo County Running,10.04,758,1:18:06,161,184,4.4,179,188,7:47,6:13,13,13,1.15,0,0,0,0,0,0,0,0,--,0,0,0,0:00,0,0:00,No,00:06.8,12,0,1:17:54,1:23:42,13,26
Running,8/26/23 9:22,FALSE,Yolo County Running,4.03,301,0:32:30,148,166,3,178,188,8:04,7:33,7,7,1.12,0,0,0,0,0,0,0,0,--,0,0,0,0:00,0,0:00,No,00:15.3,5,0,0:32:10,0:37:14,49,111
Running,8/25/23 9:14,FALSE,Davis Running,1.51,119,0:15:21,132,147,1.8,178,190,10:10,8:38,--,--,0.89,0,0,0,0,0,0,0,0,--,0,0,0,0:00,0,0:00,No,04:56.6,2,0,0:15:17,0:15:48,39,46
Workout,8/25/23 8:32,FALSE,Davis Running,4.06,284,0:35:18,148,185,3.1,130,194,8:41,5:11,3,6,1.36,0,0,0,0,0,0,0,0,--,0,0,0,0:00,0,0:00,No,01:17.4,15,0,0:30:14,0:37:54,39,46
Running,8/25/23 7:58,FALSE,Davis Running,1.51,117,0:12:33,140,152,2.2,180,188,8:20,7:49,--,--,1.07,0,0,0,0,0,0,0,0,--,0,0,0,0:00,0,0:00,No,04:08.2,2,0,0:12:32,0:12:33,39,46
Running,8/24/23 11:01,FALSE,Marin County Running,5.01,370,0:39:08,149,165,3.1,179,216,7:49,6:57,202,203,1.15,0,0,0,0,0,0,0,0,--,0,0,0,0:00,0,0:00,No,00:03.4,6,0,0:38:57,0:43:06,19,149
Elliptical,8/23/23 16:58,FALSE,Elliptical,0,118,0:20:02,120,134,0.8,117,155,--,--,--,--,0,0,0,0,0,0,0,0,0,--,0,0,0,0:00,0,0:00,No,20:02.5,1,0,0:00:00,0:20:02,--,--
Running,8/23/23 8:28,FALSE,Solano County Running,5.02,381,0:40:21,150,166,3.1,179,188,8:02,7:13,12,13,1.12,0,0,0,0,0,0,0,0,--,0,0,0,0:00,0,0:00,No,00:10.4,6,0,0:40:13,0:48:04,30,59
Running,8/22/23 8:55,FALSE,Yolo County Running,1.51,126,0:14:15,151,160,2.2,176,186,9:25,8:32,20,--,0.97,0,0,0,0,0,0,0,0,--,0,0,0,0:00,0,0:00,No,04:41.8,2,0,0:13:57,0:14:48,3,26
Running,8/22/23 8:32,FALSE,Yolo County Running,3,224,0:20:27,173,189,3.3,180,190,6:48,5:38,--,4,1.31,0,0,0,0,0,0,0,0,--,0,0,0,0:00,0,0:00,No,00:01.7,4,0,0:20:21,0:20:27,16,26
Running,8/22/23 8:04,FALSE,Yolo County Running,2,154,0:15:48,155,165,2.6,175,182,7:53,7:26,20,16,1.17,0,0,0,0,0,0,0,0,--,0,0,0,0:00,0,0:00,No,00:01.7,3,0,0:15:42,0:15:58,8,27
Indoor Cycling,8/20/23 12:12,FALSE,Indoor Cycling,0,254,0:40:10,125,162,2.3,--,--,--,--,--,--,0,0,0,0,0,0,0,0,0,--,0,0,0,0:00,0,0:00,No,40:10.0,1,0,0:00:00,0:43:17,--,--
Running,8/20/23 8:00,FALSE,Davis Running,6.01,446,0:48:20,148,160,3.2,175,187,8:03,7:19,10,13,1.14,0,0,0,0,0,0,0,0,--,0,0,0,0:00,0,0:00,No,00:03.7,7,0,0:47:56,0:51:00,46,52
Indoor Cycling,8/19/23 11:44,FALSE,Indoor Cycling,0,224,1:00:02,100,172,1.1,--,--,--,--,--,--,0,0,0,0,0,0,0,0,0,--,0,0,0,0:00,0,0:00,No,00:01.8,1,0,0:00:00,1:00:46,--,--
Elliptical,8/18/23 16:51,FALSE,Elliptical,0,318,0:45:02,140,171,3,114,159,--,--,--,--,0,0,0,0,0,0,0,0,0,--,0,0,0,0:00,0,0:00,No,01:29.3,7,0,0:00:00,0:45:02,--,--
Running,8/18/23 8:06,FALSE,Davis Running,3.52,275,0:28:28,152,165,3,177,186,8:06,7:20,7,7,1.13,0,0,0,0,0,0,0,0,--,0,0,0,0:00,0,0:00,No,04:11.5,4,0,0:28:22,0:34:26,38,46
Pool Swimming,8/17/23 15:52,FALSE,Pool Swimming,900,112,0:20:27,111,140,0.5,--,--,2:05,0:50,--,--,0,0,0,0,0,0,0,0,0,492,45,26,0,0:00,0,0:00,No,20:27.0,1,0,0:18:47,0:45:40,--,--
Indoor Cycling,8/17/23 9:34,FALSE,Indoor Cycling,0,226,1:00:01,105,131,0.7,--,--,--,--,--,--,0,0,0,0,0,0,0,0,0,--,0,0,0,0:00,0,0:00,No,00:00.7,1,0,0:00:00,1:00:01,--,--
Indoor Cycling,8/16/23 9:04,FALSE,Indoor Cycling,0,137,0:35:00,104,125,0.6,--,--,--,--,--,--,0,0,0,0,0,0,0,0,0,--,0,0,0,0:00,0,0:00,No,35:00.1,1,0,0:00:00,0:35:00,--,--
Running,8/16/23 8:11,FALSE,Davis Running,3.07,222,0:25:15,142,163,2.6,176,192,8:13,7:21,--,3,1.11,0,0,0,0,0,0,0,0,--,0,0,0,0:00,0,0:00,No,00:39.9,4,0,0:24:57,0:29:25,39,49
Indoor Cycling,8/15/23 14:33,FALSE,Indoor Cycling,0,360,1:15:38,113,161,2.4,--,--,--,--,--,--,0,0,0,0,0,0,0,0,0,--,0,0,0,0:00,0,0:00,No,15:38.4,1,0,0:00:00,1:16:08,--,--
Pool Swimming,8/13/23 14:38,FALSE,Pool Swimming,"3,250",433,1:00:52,106,129,0.8,--,--,1:51,0:39,--,--,0,0,0,0,0,0,0,0,0,1597,40,27,0,0:00,0,0:00,No,08:51.9,4,0,1:00:10,1:10:42,--,--
Running,8/12/23 8:14,FALSE,Rancho Cucamonga Running,5,379,0:42:01,151,164,2.9,177,194,8:24,7:44,141,141,1.08,0,0,0,0,0,0,0,0,--,0,0,0,0:00,0,0:00,No,00:01.9,6,0,0:41:15,0:53:31,"1,270","1,407"
Running,8/10/23 15:37,FALSE,Upland Running,5.01,392,0:42:47,152,166,3.1,178,188,8:33,7:44,110,125,1.06,0,0,0,0,0,0,0,0,--,0,0,0,0:00,0,0:00,No,00:02.3,6,0,0:42:45,0:50:45,"1,556","1,609"
Pool Swimming,8/9/23 14:48,FALSE,Pool Swimming,"1,000",138,0:17:00,90,122,0.1,--,--,1:42,0:53,--,--,0,0,0,0,0,0,0,0,0,359,34,21,0,0:00,0,0:00,No,00:53.8,9,0,0:17:00,1:08:10,--,--
Running,8/9/23 8:02,FALSE,Claremont Running,5.01,384,0:43:11,146,164,3.1,180,194,8:37,7:26,410,411,1.04,0,0,0,0,0,0,0,0,--,0,0,0,0:00,0,0:00,No,00:03.5,6,0,0:42:57,0:48:02,"1,461","1,839"
Running,8/8/23 8:48,FALSE,Chino Running,1.35,110,0:13:11,142,154,2,175,186,9:46,8:20,16,--,0.94,0,0,0,0,0,0,0,0,--,0,0,0,0:00,0,0:00,No,03:07.8,2,0,0:13:04,0:15:51,643,666
Workout,8/8/23 7:54,FALSE,Chino Running,6.34,460,0:45:01,161,189,3.8,177,228,7:06,6:17,41,56,1.28,0,0,0,0,0,0,0,0,--,0,0,0,0:00,0,0:00,No,02:10.6,7,0,0:44:58,0:49:12,643,673
Long Run,8/6/23 6:48,FALSE,Claremont Running,11.01,815,1:25:51,155,173,3.9,177,187,7:48,6:49,278,289,1.17,0,0,0,0,0,0,0,0,--,0,0,0,0:00,0,0:00,No,00:02.6,12,0,1:25:26,1:29:13,"1,174","1,260"
Treadmill Running,8/5/23 12:03,FALSE,Treadmill Running,6.5,486,0:55:41,148,171,3.1,169,176,8:34,9:27,--,--,0.96,0,0,0,0,0,0,0,0,--,0,0,0,0:00,0,0:00,No,05:58.2,6,0,0:55:40,1:05:13,--,--
Running,8/4/23 19:50,FALSE,Brea Running,2.01,159,0:18:15,146,153,2.2,176,186,9:05,8:33,3,--,1.01,0,0,0,0,0,0,0,0,--,0,0,0,0:00,0,0:00,No,00:05.2,3,0,0:18:07,0:19:16,337,348
Workout,8/4/23 19:25,FALSE,Brea Running,3.47,243,0:22:02,172,186,3.4,179,186,6:20,5:59,--,--,1.42,0,0,0,0,0,0,0,0,--,0,0,0,0:00,0,0:00,No,03:00.2,4,0,0:22:00,0:22:02,337,348
Running,8/4/23 18:57,FALSE,Brea Running,2.01,147,0:16:37,143,152,2.2,175,184,8:16,7:44,8,2,1.11,0,0,0,0,0,0,0,0,--,0,0,0,0:00,0,0:00,No,00:03.7,3,0,0:16:33,0:17:03,330,348
Pool Swimming,8/4/23 15:23,FALSE,Pool Swimming,900,144,0:15:02,89,123,0.1,--,--,1:32,0:47,--,--,0,0,0,0,0,0,0,0,0,327,32,24,0,0:00,0,0:00,No,15:02.1,1,0,0:13:47,0:15:48,--,--
Running,8/3/23 18:33,FALSE,Upland Running,3.01,231,0:24:03,151,163,2.9,179,188,8:00,7:17,44,47,1.13,0,0,0,0,0,0,0,0,--,0,0,0,0:00,0,0:00,No,00:03.0,4,0,0:24:01,0:24:38,"1,556","1,610"
Running,8/3/23 7:45,FALSE,Upland Running,6.06,463,0:51:36,146,166,3.2,179,188,8:31,7:30,127,131,1.06,0,0,0,0,0,0,0,0,--,0,0,0,0:00,0,0:00,No,00:29.5,7,0,0:51:28,0:52:03,"1,556","1,613"
Running,8/2/23 18:28,FALSE,Fontana Running,8,611,1:08:10,150,164,3.3,176,186,8:31,7:36,274,273,1.07,0,0,0,0,0,0,0,0,--,0,0,0,0:00,0,0:00,No,00:01.5,9,0,1:07:28,1:13:28,"1,467","1,619"
Workout,8/1/23 17:48,FALSE,Rancho Cucamonga Running,8,589,1:06:39,149,180,3.4,172,210,8:20,6:44,252,250,1.12,0,0,0,0,0,0,0,0,--,0,0,0,0:00,0,0:00,No,00:02.2,9,0,1:05:40,1:34:48,"1,270","1,407"
Long Run,7/30/23 8:26,FALSE,Solana Beach Running,11.02,798,1:26:58,150,166,3.6,177,188,7:54,7:19,199,184,1.15,0,0,0,0,0,0,0,0,--,0,0,0,0:00,0,0:00,No,00:06.9,12,0,1:26:30,1:36:06,7,99
Running,7/29/23 9:09,FALSE,Oceanside Running,6.02,435,0:51:16,137,159,2.9,174,187,8:31,7:29,118,110,1.09,0,0,0,0,0,0,0,0,--,0,0,0,0:00,0,0:00,No,00:06.7,7,0,0:50:42,1:00:11,13,59
Running,7/28/23 7:57,FALSE,Ontario Running,2.58,199,0:24:49,141,151,2.1,173,182,9:38,8:07,20,15,0.97,0,0,0,0,0,0,0,0,--,0,0,0,0:00,0,0:00,No,05:22.8,3,0,0:24:26,0:35:28,"1,109","1,122"
Workout,7/28/23 7:35,FALSE,2 x 9 min tempo,2.93,212,0:20:05,166,187,3.1,167,222,6:52,5:33,34,39,1.44,0,0,0,0,0,0,0,0,--,0,0,0,0:00,0,0:00,No,02:00.5,5,0,0:20:03,0:20:05,"1,109","1,122"
Running,7/28/23 7:16,FALSE,Ontario Running,1.51,107,0:11:42,141,157,2.1,179,188,7:45,6:54,--,--,1.16,0,0,0,0,0,0,0,0,--,0,0,0,0:00,0,0:00,No,03:47.4,2,0,0:11:41,0:11:42,"1,109","1,122"
Running,7/27/23 6:57,FALSE,Rancho Cucamonga Running,8.25,601,1:08:17,147,158,3.3,175,188,8:16,5:51,382,368,1.11,0,0,0,0,0,0,0,0,--,0,0,0,0:00,0,0:00,No,01:33.7,9,0,1:07:47,1:22:53,"1,534","1,626"
Treadmill Running,7/26/23 13:56,FALSE,Treadmill Running,8,583,1:05:52,151,176,3.3,167,176,8:14,9:33,--,--,0.96,0,0,0,0,0,0,0,0,--,0,0,0,0:00,0,0:00,No,05:39.9,7,0,1:05:51,1:16:19,--,--
Workout,7/25/23 18:06,FALSE,Treadmill Running,7,411,0:41:50,159,183,3.6,170,180,5:59,6:50,--,--,0.96,0,0,0,0,0,0,0,0,--,0,0,0,0:00,0,0:00,No,01:59.4,5,0,0:41:49,0:41:50,--,--
Treadmill Running,7/24/23 12:46,FALSE,Treadmill Running,4.05,303,0:33:31,149,173,3,167,171,8:17,9:45,--,--,0.95,0,0,0,0,0,0,0,0,--,0,0,0,0:00,0,0:00,No,02:58.8,4,0,0:33:29,0:33:31,--,--
Long Run,7/22/23 7:17,FALSE,Upland Running,10.01,726,1:15:38,156,187,4,176,188,7:33,6:45,243,244,1.22,0,0,0,0,0,0,0,0,--,0,0,0,0:00,0,0:00,No,00:04.7,11,0,1:14:22,1:31:13,"1,232","1,407"
Running,7/21/23 7:07,FALSE,Upland Running,8.01,593,1:05:36,147,165,3.4,176,187,8:11,7:03,123,132,1.12,0,0,0,0,0,0,0,0,--,0,0,0,0:00,0,0:00,No,00:03.7,9,0,1:05:08,1:14:06,"1,556","1,612"
Running,7/20/23 7:45,FALSE,Ontario Running,4.53,350,0:41:45,147,161,2.9,174,184,9:13,7:12,44,55,1,0,0,0,0,0,0,0,0,--,0,0,0,0:00,0,0:00,No,05:56.3,5,0,0:41:33,0:48:12,"1,097","1,122"
Workout,7/20/23 7:23,FALSE,Ontario Running,2.97,215,0:20:04,166,185,3.1,178,186,6:46,6:18,28,29,1.34,0,0,0,0,0,0,0,0,--,0,0,0,0:00,0,0:00,No,06:30.4,3,0,0:20:02,0:20:04,"1,109","1,122"
Running,7/20/23 7:14,FALSE,Ontario Running,0.58,43,05:06.4,137,148,1,171,177,8:46,8:07,--,--,1.07,0,0,0,0,0,0,0,0,--,0,0,0,0:00,0,0:00,No,05:06.4,1,0,0:05:06,05:06.4,"1,109","1,122"
Running,7/19/23 7:15,FALSE,Claremont Running,8.12,623,1:13:58,147,178,3.4,171,216,9:07,4:16,"1,106","1,103",1.03,0,0,0,0,0,0,0,0,--,0,0,0,0:00,0,0:00,No,00:35.6,9,0,1:12:27,1:27:40,"1,486","2,482"
Elliptical,7/18/23 9:16,FALSE,Elliptical,0,236,0:40:05,124,143,1.5,129,156,--,--,--,--,0,0,0,0,0,0,0,0,0,--,0,0,0,0:00,0,0:00,No,40:04.7,1,0,0:00:00,0:40:05,--,--
Running,7/18/23 7:43,FALSE,Ontario Running,1.65,131,0:14:03,153,164,2.3,175,184,8:32,7:40,32,30,1.08,0,0,0,0,0,0,0,0,--,0,0,0,0:00,0,0:00,No,05:26.4,2,0,0:13:54,0:15:33,"1,109","1,122"
Workout,7/18/23 6:58,FALSE,Ontario Running,5.51,416,0:40:02,166,183,3.9,176,186,7:16,6:47,3,9,1.26,0,0,0,0,0,0,0,0,--,0,0,0,0:00,0,0:00,No,03:33.5,6,0,0:40:00,0:40:02,"1,109","1,122"
Long Run,7/16/23 6:52,FALSE,Claremont Running,10.01,701,1:15:23,150,167,3.7,174,190,7:32,6:35,121,124,1.23,0,0,0,0,0,0,0,0,--,0,0,0,0:00,0,0:00,No,00:04.2,11,0,1:13:05,1:24:35,"1,182","1,259"
Running,7/15/23 7:56,FALSE,Walnut Running,6.03,444,0:48:34,148,163,3.2,175,194,8:03,6:47,463,466,1.15,0,0,0,0,0,0,0,0,--,0,0,0,0:00,0,0:00,No,00:15.1,7,0,0:48:18,0:55:44,718,867
Elliptical,7/14/23 16:22,FALSE,Elliptical,0,194,0:30:04,127,151,1.4,135,157,--,--,--,--,0,0,0,0,0,0,0,0,0,--,0,0,0,0:00,0,0:00,No,30:04.4,1,0,0:00:00,0:30:04,--,--
Running,7/14/23 9:21,FALSE,Irvine Running,1.27,101,0:11:16,151,161,2,174,184,8:54,7:30,34,--,1.04,0,0,0,0,0,0,0,0,--,0,0,0,0:00,0,0:00,No,02:22.9,2,0,0:11:05,0:12:05,7,47
Workout,7/14/23 8:42,FALSE,Irvine Running,4.83,354,0:35:02,160,187,3.6,177,186,7:15,6:16,24,64,1.25,0,0,0,0,0,0,0,0,--,0,0,0,0:00,0,0:00,No,05:38.5,5,0,0:35:00,0:36:16,7,56
Running,7/13/23 8:46,FALSE,Irvine Running,6.2,468,0:47:01,161,181,3.8,176,196,7:35,4:57,78,79,1.21,0,0,0,0,0,0,0,0,--,0,0,0,0:00,0,0:00,No,01:08.5,7,0,0:46:45,0:52:13,-36,56
Running,7/12/23 11:46,FALSE,Irvine Running,6.01,484,0:49:15,162,182,3.7,174,184,8:12,7:28,49,61,1.13,0,0,0,0,0,0,0,0,--,0,0,0,0:00,0,0:00,No,00:02.7,7,0,0:49:01,0:51:52,7,37
Workout,7/11/23 17:55,FALSE,Irvine Running,7.01,512,0:56:06,150,182,3.4,173,188,8:00,7:12,166,255,1.16,0,0,0,0,0,0,0,0,--,0,0,0,0:00,0,0:00,No,00:06.0,8,0,0:55:35,1:15:12,-7,204
Long Run,7/9/23 6:49,FALSE,Claremont Running,9.01,650,1:07:45,153,173,3.7,175,188,7:31,6:26,127,132,1.22,0,0,0,0,0,0,0,0,--,0,0,0,0:00,0,0:00,No,00:03.2,10,0,1:07:20,1:14:22,"1,182","1,259"
Treadmill Running,7/8/23 9:37,FALSE,Treadmill Running,2.85,195,0:28:40,131,139,1.9,170,176,10:04,9:27,--,--,0.94,0,0,0,0,0,0,0,0,--,0,0,0,0:00,0,0:00,No,08:41.2,3,0,0:28:40,0:28:40,--,--
Running,7/7/23 7:53,FALSE,La Verne Running,8.29,611,1:03:37,153,168,3.7,177,188,7:40,6:49,560,547,1.18,0,0,0,0,0,0,0,0,--,0,0,0,0:00,0,0:00,No,02:03.9,9,0,1:03:24,1:07:08,938,"1,058"
Treadmill Running,7/6/23 12:32,FALSE,Treadmill Running,7,530,0:58:02,152,175,3.5,172,178,8:17,9:16,--,--,0.95,0,0,0,0,0,0,0,0,--,0,0,0,0:00,0,0:00,No,08:51.2,6,0,0:58:01,1:01:26,--,--
Running,7/5/23 18:06,FALSE,Irvine Running,4.26,309,0:35:07,147,179,2.9,171,184,8:14,6:50,153,175,1.14,0,0,0,0,0,0,0,0,--,0,0,0,0:00,0,0:00,No,02:18.8,5,0,0:34:11,0:44:15,63,149
Elliptical,7/4/23 16:56,FALSE,Elliptical,0,137,0:35:01,105,129,0.6,25,158,--,--,--,--,0,0,0,0,0,0,0,0,0,--,0,0,0,0:00,0,0:00,No,35:01.4,1,0,0:00:00,0:38:08,--,--
Running,7/4/23 10:42,FALSE,Irvine Running,0.51,40,04:23.2,144,160,1.3,167,181,8:39,7:20,41,--,1.11,0,0,0,0,0,0,0,0,--,0,0,0,0:00,0,0:00,No,04:23.2,1,0,0:04:12,04:57.2,147,205
Workout,7/4/23 10:18,FALSE,Irvine Running ,2.81,203,0:20:02,158,180,3,175,179,7:07,6:29,121,162,1.29,0,0,0,0,0,0,0,0,--,0,0,0,0:00,0,0:00,No,05:26.8,3,0,0:20:00,0:20:02,127,171
Long Run,7/2/23 7:21,FALSE,Claremont Running,9.01,671,1:09:36,156,185,4,175,186,7:44,6:47,485,488,1.19,0,0,0,0,0,0,0,0,--,0,0,0,0:00,0,0:00,No,00:03.4,10,0,1:09:14,1:13:14,"1,170","1,490"
Running,7/1/23 7:22,FALSE,Fontana Running,5.01,361,0:39:55,144,160,3,177,186,7:58,7:07,65,54,1.14,0,0,0,0,0,0,0,0,--,0,0,0,0:00,0,0:00,No,00:03.3,6,0,0:39:47,0:44:57,"1,302","1,368"
Treadmill Running,6/30/23 11:48,FALSE,Treadmill Running,5,370,0:40:49,149,167,3.2,170,176,8:10,7:50,--,--,0.95,0,0,0,0,0,0,0,0,--,0,0,0,0:00,0,0:00,No,00:57.8,5,0,0:40:47,0:40:49,--,--
Workout,6/29/23 8:10,FALSE,Upland Running,6.19,458,0:49:59,147,166,3.4,176,228,8:05,4:56,131,115,1.14,0,0,0,0,0,0,0,0,--,0,0,0,0:00,0,0:00,No,01:05.0,7,0,0:49:43,0:57:42,"1,556","1,625"
Running,6/28/23 8:38,FALSE,Upland Running,5.01,359,0:39:37,144,166,3.1,175,184,7:54,7:22,79,92,1.16,0,0,0,0,0,0,0,0,--,0,0,0,0:00,0,0:00,No,00:04.0,6,0,0:39:16,0:47:39,"1,230","1,327"
Running,6/27/23 9:55,FALSE,Upland Running,6.01,458,0:49:35,151,176,3.4,175,198,8:15,6:57,335,312,1.11,0,0,0,0,0,0,0,0,--,0,0,0,0:00,0,0:00,No,00:03.1,7,0,0:49:05,0:57:26,"1,312","1,618"
Long Run,6/25/23 8:07,FALSE,Fontana Running,8.01,586,0:59:38,156,172,3.8,177,186,7:27,6:49,83,71,1.22,0,0,0,0,0,0,0,0,--,0,0,0,0:00,0,0:00,No,00:02.0,9,0,0:59:23,1:03:38,"1,302","1,374"
Running,6/24/23 8:42,FALSE,Claremont Running,4.01,299,0:34:09,140,158,2.9,176,184,8:32,7:16,113,132,1.07,0,0,0,0,0,0,0,0,--,0,0,0,0:00,0,0:00,No,00:02.6,5,0,0:34:05,0:34:09,"1,171","1,224"
Running,6/23/23 9:07,FALSE,Upland Running,7,502,0:56:11,145,155,3.3,174,187,8:01,7:09,249,262,1.15,0,0,0,0,0,0,0,0,--,0,0,0,0:00,0,0:00,No,00:01.1,8,0,0:55:43,1:02:03,"1,299","1,528"
Workout,6/22/23 7:51,FALSE,Upland Running,6.02,448,0:46:37,153,169,3.6,176,187,7:44,6:36,334,331,1.18,0,0,0,0,0,0,0,0,--,0,0,0,0:00,0,0:00,No,00:10.0,7,0,0:46:22,0:53:31,"1,312","1,620"
Running,6/21/23 8:12,FALSE,Claremont Running,5.01,365,0:40:36,144,163,3.1,174,184,8:06,7:10,333,330,1.14,0,0,0,0,0,0,0,0,--,0,0,0,0:00,0,0:00,No,00:03.4,6,0,0:40:11,0:45:02,"1,311","1,654"
Running,6/20/23 9:28,FALSE,Upland Running,6.01,430,0:48:22,143,168,3.2,175,186,8:03,6:56,120,131,1.14,0,0,0,0,0,0,0,0,--,0,0,0,0:00,0,0:00,No,00:01.9,7,0,0:48:03,0:58:02,"1,232","1,310"
Long Run,6/18/23 11:34,FALSE,Upland Running,7.01,534,0:54:14,160,182,4,174,184,7:44,6:59,126,180,1.19,0,0,0,0,0,0,0,0,--,0,0,0,0:00,0,0:00,No,00:02.3,8,0,0:54:06,0:58:37,"1,230","1,331"
Running,6/17/23 9:56,FALSE,Davis Running,6.01,465,0:47:21,157,177,3.7,178,191,7:53,7:11,7,10,1.15,0,0,0,0,0,0,0,0,--,0,0,0,0:00,0,0:00,No,00:04.2,7,0,0:46:56,0:49:10,11,59
Elliptical,6/16/23 10:50,FALSE,Elliptical,0,184,0:30:03,125,142,1.4,140,161,--,--,--,--,0,0,0,0,0,0,0,0,0,--,0,0,0,0:00,0,0:00,No,30:03.3,1,0,0:00:00,0:30:03,--,--
Running,6/16/23 9:17,FALSE,Yolo County Running,6.01,451,0:47:18,154,182,3.4,177,185,7:52,7:12,10,10,1.15,0,0,0,0,0,0,0,0,--,0,0,0,0:00,0,0:00,No,00:05.3,7,0,0:47:15,0:52:20,49,62
Pool Swimming,6/15/23 12:03,FALSE,Pool Swimming,"1,325",194,0:30:04,125,181,2.4,--,--,1:42,0:51,--,--,0,0,0,0,0,0,0,0,0,560,36,25,0,0:00,0,0:00,No,01:11.3,4,0,0:22:36,0:36:24,--,--
Running,6/15/23 11:12,FALSE,Davis Running,2,149,0:16:09,147,160,2.5,175,184,8:04,7:23,--,--,1.14,0,0,0,0,0,0,0,0,--,0,0,0,0:00,0,0:00,No,00:01.4,3,0,0:16:07,0:16:09,49,52
Running,6/14/23 9:25,FALSE,Yolo County Running,5.01,387,0:41:14,149,162,3.3,177,189,8:14,7:29,7,9,1.11,0,0,0,0,0,0,0,0,--,0,0,0,0:00,0,0:00,No,00:09.3,6,0,0:41:14,0:41:15,46,59
Running,6/13/23 8:54,FALSE,Yolo County Running,5.06,378,0:39:12,150,166,3.4,177,186,7:45,6:55,14,14,1.18,0,0,0,0,0,0,0,0,--,0,0,0,0:00,0,0:00,No,00:26.0,6,0,0:38:57,0:41:47,43,52
Long Run,6/11/23 9:26,FALSE,Yolo County Running,7,526,0:57:19,147,169,3.4,177,188,8:11,7:08,25,28,1.11,0,0,0,0,0,0,0,0,--,0,0,0,0:00,0,0:00,No,00:01.2,8,0,0:57:13,1:02:13,30,62
Running,6/10/23 12:56,FALSE,Davis Running,5.01,371,0:38:55,154,175,3.4,176,189,7:46,7:02,7,7,1.18,0,0,0,0,0,0,0,0,--,0,0,0,0:00,0,0:00,No,00:02.4,6,0,0:38:33,0:43:29,49,59
Pool Swimming,6/8/23 12:05,FALSE,Pool Swimming,"1,600",210,0:30:06,120,147,1.4,--,--,1:53,0:54,--,--,0,0,0,0,0,0,0,0,0,859,42,29,0,0:00,0,0:00,No,00:56.4,9,0,0:30:06,1:02:51,--,--
Running,5/17/23 9:26,FALSE,Davis Running,4.02,301,0:33:35,146,168,3.1,177,188,8:22,7:40,7,7,1.09,0,0,0,0,0,0,0,0,--,0,0,0,0:00,0,0:00,No,00:08.2,5,0,0:33:02,0:41:02,56,62
Running,5/15/23 18:47,FALSE,Davis Running,5.5,417,0:46:34,147,171,3.1,174,190,8:28,7:21,4,7,1.09,0,0,0,0,0,0,0,0,--,0,0,0,0:00,0,0:00,No,04:04.0,6,0,0:46:16,1:05:23,43,52
Running,5/13/23 8:36,FALSE,Davis Running,4.34,336,0:35:35,143,168,3.3,177,190,8:12,7:29,20,20,1.11,0,0,0,0,0,0,0,0,--,0,0,0,0:00,0,0:00,No,02:45.8,5,0,0:35:16,0:55:10,43,57
Running,5/11/23 10:35,FALSE,Yolo County Running,1.1,84,0:12:35,127,142,1,171,182,11:28,9:59,--,5,0.82,0,0,0,0,0,0,0,0,--,0,0,0,0:00,0,0:00,No,00:59.5,2,0,0:12:28,0:13:39,46,52
Running,5/11/23 10:06,FALSE,Yolo County Running,3,223,0:22:02,161,185,3.2,180,194,7:21,5:27,--,1,1.21,0,0,0,0,0,0,0,0,--,0,0,0,0:00,0,0:00,No,01:27.2,11,0,0:21:58,0:22:08,49,51
Running,5/11/23 9:38,FALSE,Yolo County Running,2.02,144,0:17:52,131,144,2.1,176,186,8:52,6:47,17,17,1.03,0,0,0,0,0,0,0,0,--,0,0,0,0:00,0,0:00,No,00:07.6,3,0,0:17:41,0:19:12,35,52
Running,5/9/23 10:47,FALSE,Yolo County Running,2,165,0:21:01,141,154,2.1,172,186,10:31,5:36,7,7,0.89,0,0,0,0,0,0,0,0,--,0,0,0,0:00,0,0:00,No,09:49.0,2,0,0:20:53,0:22:09,46,52
Running,5/9/23 10:16,FALSE,Yolo County Running,2.23,164,0:17:30,151,183,2.6,135,228,7:51,4:16,3,3,1.41,0,0,0,0,0,0,0,0,--,0,0,0,0:00,0,0:00,No,00:37.2,9,0,0:14:29,0:17:33,49,52
Running,5/9/23 9:44,FALSE,Yolo County Running,2.01,161,0:16:14,149,165,2.7,179,188,8:05,7:14,--,--,1.11,0,0,0,0,0,0,0,0,--,0,0,0,0:00,0,0:00,No,00:02.0,3,0,0:16:14,0:16:14,43,60